,State_County
0,South Carolina_Abbeville
1,Louisiana_Acadia
2,Virginia_Accomack
3,Idaho_Ada
4,Iowa_Adair
5,Kentucky_Adair
6,Missouri_Adair
7,Oklahoma_Adair
8,Colorado_Adams
9,Idaho_Adams
10,Illinois_Adams
11,Indiana_Adams
12,Iowa_Adams
13,Mississippi_Adams
14,Nebraska_Adams
15,North Dakota_Adams
16,Ohio_Adams
17,Pennsylvania_Adams
18,Washington_Adams
19,Wisconsin_Adams
20,Vermont_Addison
21,South Carolina_Aiken
22,Minnesota_Aitkin
23,Florida_Alachua
24,North Carolina_Alamance
25,California_Alameda
26,Colorado_Alamosa
27,New York_Albany
28,Wyoming_Albany
29,Virginia_Albemarle
30,Michigan_Alcona
31,Mississippi_Alcorn
32,Alaska_Aleutians East
33,Illinois_Alexander
34,North Carolina_Alexander
35,Oklahoma_Alfalfa
36,Michigan_Alger
37,Iowa_Allamakee
38,Michigan_Allegan
39,Maryland_Allegany
40,New York_Allegany
41,North Carolina_Alleghany
42,Virginia_Alleghany
43,Pennsylvania_Allegheny
44,Indiana_Allen
45,Kansas_Allen
46,Kentucky_Allen
47,Louisiana_Allen
48,Ohio_Allen
49,South Carolina_Allendale
50,Michigan_Alpena
51,California_Alpine
52,California_Amador
53,Virginia_Amelia
54,Virginia_Amherst
55,Mississippi_Amite
56,Kansas_Anderson
57,Kentucky_Anderson
58,South Carolina_Anderson
59,Tennessee_Anderson
60,Texas_Anderson
61,Missouri_Andrew
62,Texas_Andrews
63,Maine_Androscoggin
64,Texas_Angelina
65,Maryland_Anne Arundel
66,Minnesota_Anoka
67,North Carolina_Anson
68,Nebraska_Antelope
69,Michigan_Antrim
70,Arizona_Apache
71,Iowa_Appanoose
72,Georgia_Appling
73,Virginia_Appomattox
74,Texas_Aransas
75,Colorado_Arapahoe
76,Texas_Archer
77,Colorado_Archuleta
78,Michigan_Arenac
79,Arkansas_Arkansas
80,Virginia_Arlington
81,Pennsylvania_Armstrong
82,Texas_Armstrong
83,Maine_Aroostook
84,Nebraska_Arthur
85,Louisiana_Ascension
86,North Carolina_Ashe
87,Ohio_Ashland
88,Wisconsin_Ashland
89,Arkansas_Ashley
90,Ohio_Ashtabula
91,Washington_Asotin
92,Louisiana_Assumption
93,Texas_Atascosa
94,Kansas_Atchison
95,Missouri_Atchison
96,Ohio_Athens
97,Georgia_Atkinson
98,New Jersey_Atlantic
99,Oklahoma_Atoka
100,Mississippi_Attala
101,Missouri_Audrain
102,Iowa_Audubon
103,Ohio_Auglaize
104,Virginia_Augusta
105,South Dakota_Aurora
106,Texas_Austin
107,Alabama_Autauga
108,North Carolina_Avery
109,Louisiana_Avoyelles
110,Colorado_Baca
111,Georgia_Bacon
112,Texas_Bailey
113,Florida_Baker
114,Georgia_Baker
115,Oregon_Baker
116,Alabama_Baldwin
117,Georgia_Baldwin
118,Kentucky_Ballard
119,Maryland_Baltimore
120,South Carolina_Bamberg
121,Texas_Bandera
122,Georgia_Banks
123,Nebraska_Banner
124,Idaho_Bannock
125,Michigan_Baraga
126,Kansas_Barber
127,Alabama_Barbour
128,West Virginia_Barbour
129,North Dakota_Barnes
130,Massachusetts_Barnstable
131,South Carolina_Barnwell
132,Kentucky_Barren
133,Wisconsin_Barron
134,Georgia_Barrow
135,Michigan_Barry
136,Missouri_Barry
137,Indiana_Bartholomew
138,Kansas_Barton
139,Missouri_Barton
140,Georgia_Bartow
141,Texas_Bastrop
142,Missouri_Bates
143,Kentucky_Bath
144,Virginia_Bath
145,Arkansas_Baxter
146,Florida_Bay
147,Michigan_Bay
148,Wisconsin_Bayfield
149,Texas_Baylor
150,South Dakota_Beadle
151,Idaho_Bear Lake
152,North Carolina_Beaufort
153,South Carolina_Beaufort
154,Louisiana_Beauregard
155,Oklahoma_Beaver
156,Pennsylvania_Beaver
157,Utah_Beaver
158,Montana_Beaverhead
159,Minnesota_Becker
160,Oklahoma_Beckham
161,Pennsylvania_Bedford
162,Tennessee_Bedford
163,Virginia_Bedford
164,Texas_Bee
165,New Hampshire_Belknap
166,Kentucky_Bell
167,Texas_Bell
168,Ohio_Belmont
169,Minnesota_Beltrami
170,Georgia_Ben Hill
171,Idaho_Benewah
172,South Dakota_Bennett
173,Vermont_Bennington
174,North Dakota_Benson
175,Colorado_Bent
176,Arkansas_Benton
177,Indiana_Benton
178,Iowa_Benton
179,Minnesota_Benton
180,Mississippi_Benton
181,Missouri_Benton
182,Oregon_Benton
183,Tennessee_Benton
184,Washington_Benton
185,Michigan_Benzie
186,New Jersey_Bergen
187,South Carolina_Berkeley
188,West Virginia_Berkeley
189,Pennsylvania_Berks
190,Massachusetts_Berkshire
191,New Mexico_Bernalillo
192,Georgia_Berrien
193,Michigan_Berrien
194,North Carolina_Bertie
195,Texas_Bexar
196,Alabama_Bibb
197,Georgia_Bibb
198,Louisiana_Bienville
199,Montana_Big Horn
200,Wyoming_Big Horn
201,Minnesota_Big Stone
202,North Dakota_Billings
203,Idaho_Bingham
204,Iowa_Black Hawk
205,Indiana_Blackford
206,North Carolina_Bladen
207,Idaho_Blaine
208,Montana_Blaine
209,Nebraska_Blaine
210,Oklahoma_Blaine
211,Pennsylvania_Blair
212,Texas_Blanco
213,Virginia_Bland
214,Georgia_Bleckley
215,Tennessee_Bledsoe
216,Alabama_Blount
217,Tennessee_Blount
218,Minnesota_Blue Earth
219,Idaho_Boise
220,Mississippi_Bolivar
221,Missouri_Bollinger
222,South Dakota_Bon Homme
223,Illinois_Bond
224,Idaho_Bonner
225,Idaho_Bonneville
226,Arkansas_Boone
227,Illinois_Boone
228,Indiana_Boone
229,Iowa_Boone
230,Kentucky_Boone
231,Missouri_Boone
232,Nebraska_Boone
233,West Virginia_Boone
234,Texas_Borden
235,Texas_Bosque
236,Louisiana_Bossier
237,Virginia_Botetourt
238,North Dakota_Bottineau
239,Colorado_Boulder
240,Idaho_Boundary
241,Kansas_Bourbon
242,Kentucky_Bourbon
243,Texas_Bowie
244,North Dakota_Bowman
245,Nebraska_Box Butte
246,Utah_Box Elder
247,Kentucky_Boyd
248,Nebraska_Boyd
249,Kentucky_Boyle
250,Kentucky_Bracken
251,Florida_Bradford
252,Pennsylvania_Bradford
253,Arkansas_Bradley
254,Tennessee_Bradley
255,Michigan_Branch
256,Georgia_Brantley
257,West Virginia_Braxton
258,Texas_Brazoria
259,Texas_Brazos
260,Kentucky_Breathitt
261,Kentucky_Breckinridge
262,Iowa_Bremer
263,Florida_Brevard
264,Texas_Brewster
265,Texas_Briscoe
266,Massachusetts_Bristol
267,Alaska_Bristol Bay
268,Montana_Broadwater
269,West Virginia_Brooke
270,South Dakota_Brookings
271,Georgia_Brooks
272,Texas_Brooks
273,New York_Broome
274,Colorado_Broomfield
275,Florida_Broward
276,Illinois_Brown
277,Indiana_Brown
278,Kansas_Brown
279,Minnesota_Brown
280,Nebraska_Brown
281,Ohio_Brown
282,South Dakota_Brown
283,Texas_Brown
284,Wisconsin_Brown
285,South Dakota_Brule
286,North Carolina_Brunswick
287,Virginia_Brunswick
288,Georgia_Bryan
289,Oklahoma_Bryan
290,Iowa_Buchanan
291,Missouri_Buchanan
292,Virginia_Buchanan
293,Virginia_Buckingham
294,Pennsylvania_Bucks
295,Iowa_Buena Vista
296,Nebraska_Buffalo
297,South Dakota_Buffalo
298,Wisconsin_Buffalo
299,Kentucky_Bullitt
300,Georgia_Bulloch
301,Alabama_Bullock
302,North Carolina_Buncombe
303,Illinois_Bureau
304,Georgia_Burke
305,North Carolina_Burke
306,North Dakota_Burke
307,North Dakota_Burleigh
308,Texas_Burleson
309,New Jersey_Burlington
310,Texas_Burnet
311,Wisconsin_Burnett
312,Nebraska_Burt
313,Alabama_Butler
314,Iowa_Butler
315,Kansas_Butler
316,Kentucky_Butler
317,Missouri_Butler
318,Nebraska_Butler
319,Ohio_Butler
320,Pennsylvania_Butler
321,California_Butte
322,Idaho_Butte
323,South Dakota_Butte
324,Georgia_Butts
325,North Carolina_Cabarrus
326,West Virginia_Cabell
327,Utah_Cache
328,Oklahoma_Caddo
329,California_Calaveras
330,Louisiana_Calcasieu
331,Kentucky_Caldwell
332,Louisiana_Caldwell
333,Missouri_Caldwell
334,North Carolina_Caldwell
335,Texas_Caldwell
336,Vermont_Caledonia
337,Alabama_Calhoun
338,Arkansas_Calhoun
339,Florida_Calhoun
340,Georgia_Calhoun
341,Illinois_Calhoun
342,Iowa_Calhoun
343,Michigan_Calhoun
344,Mississippi_Calhoun
345,South Carolina_Calhoun
346,Texas_Calhoun
347,West Virginia_Calhoun
348,Texas_Callahan
349,Missouri_Callaway
350,Kentucky_Calloway
351,Wisconsin_Calumet
352,Maryland_Calvert
353,Idaho_Camas
354,Pennsylvania_Cambria
355,Georgia_Camden
356,Missouri_Camden
357,New Jersey_Camden
358,North Carolina_Camden
359,Louisiana_Cameron
360,Pennsylvania_Cameron
361,Texas_Cameron
362,Texas_Camp
363,Kentucky_Campbell
364,South Dakota_Campbell
365,Tennessee_Campbell
366,Virginia_Campbell
367,Wyoming_Campbell
368,Oklahoma_Canadian
369,Georgia_Candler
370,Tennessee_Cannon
371,Idaho_Canyon
372,Missouri_Cape Girardeau
373,New Jersey_Cape May
374,Montana_Carbon
375,Pennsylvania_Carbon
376,Utah_Carbon
377,Wyoming_Carbon
378,Idaho_Caribou
379,Kentucky_Carlisle
380,Minnesota_Carlton
381,Maryland_Caroline
382,Virginia_Caroline
383,Arkansas_Carroll
384,Georgia_Carroll
385,Illinois_Carroll
386,Indiana_Carroll
387,Iowa_Carroll
388,Kentucky_Carroll
389,Maryland_Carroll
390,Mississippi_Carroll
391,Missouri_Carroll
392,New Hampshire_Carroll
393,Ohio_Carroll
394,Tennessee_Carroll
395,Virginia_Carroll
396,Texas_Carson
397,Kentucky_Carter
398,Missouri_Carter
399,Montana_Carter
400,Oklahoma_Carter
401,Tennessee_Carter
402,North Carolina_Carteret
403,Minnesota_Carver
404,Montana_Cascade
405,Kentucky_Casey
406,Illinois_Cass
407,Indiana_Cass
408,Iowa_Cass
409,Michigan_Cass
410,Minnesota_Cass
411,Missouri_Cass
412,Nebraska_Cass
413,North Dakota_Cass
414,Texas_Cass
415,Idaho_Cassia
416,Texas_Castro
417,North Carolina_Caswell
418,Louisiana_Catahoula
419,North Carolina_Catawba
420,Georgia_Catoosa
421,New Mexico_Catron
422,New York_Cattaraugus
423,North Dakota_Cavalier
424,New York_Cayuga
425,Maryland_Cecil
426,Iowa_Cedar
427,Missouri_Cedar
428,Nebraska_Cedar
429,Pennsylvania_Centre
430,Iowa_Cerro Gordo
431,Colorado_Chaffee
432,Alabama_Chambers
433,Texas_Chambers
434,Illinois_Champaign
435,Ohio_Champaign
436,Missouri_Chariton
437,Maryland_Charles
438,Virginia_Charles City
439,South Dakota_Charles Mix
440,South Carolina_Charleston
441,Michigan_Charlevoix
442,Florida_Charlotte
443,Virginia_Charlotte
444,Georgia_Charlton
445,Kansas_Chase
446,Nebraska_Chase
447,Georgia_Chatham
448,North Carolina_Chatham
449,Georgia_Chattahoochee
450,Georgia_Chattooga
451,Kansas_Chautauqua
452,New York_Chautauqua
453,New Mexico_Chaves
454,Tennessee_Cheatham
455,Michigan_Cheboygan
456,Washington_Chelan
457,New York_Chemung
458,New York_Chenango
459,Alabama_Cherokee
460,Georgia_Cherokee
461,Iowa_Cherokee
462,Kansas_Cherokee
463,North Carolina_Cherokee
464,Oklahoma_Cherokee
465,South Carolina_Cherokee
466,Texas_Cherokee
467,Nebraska_Cherry
468,New Hampshire_Cheshire
469,Pennsylvania_Chester
470,South Carolina_Chester
471,Tennessee_Chester
472,South Carolina_Chesterfield
473,Virginia_Chesterfield
474,Colorado_Cheyenne
475,Kansas_Cheyenne
476,Nebraska_Cheyenne
477,Iowa_Chickasaw
478,Mississippi_Chickasaw
479,Arkansas_Chicot
480,Texas_Childress
481,Alabama_Chilton
482,Michigan_Chippewa
483,Minnesota_Chippewa
484,Wisconsin_Chippewa
485,Minnesota_Chisago
486,Vermont_Chittenden
487,Alabama_Choctaw
488,Mississippi_Choctaw
489,Oklahoma_Choctaw
490,Montana_Chouteau
491,North Carolina_Chowan
492,Illinois_Christian
493,Kentucky_Christian
494,Missouri_Christian
495,Nevada_Churchill
496,New Mexico_Cibola
497,Oklahoma_Cimarron
498,Florida_Citrus
499,Oregon_Clackamas
500,Louisiana_Claiborne
501,Mississippi_Claiborne
502,Tennessee_Claiborne
503,Washington_Clallam
504,Michigan_Clare
505,South Carolina_Clarendon
506,Pennsylvania_Clarion
507,Arkansas_Clark
508,Idaho_Clark
509,Illinois_Clark
510,Indiana_Clark
511,Kansas_Clark
512,Kentucky_Clark
513,Missouri_Clark
514,Nevada_Clark
515,Ohio_Clark
516,South Dakota_Clark
517,Washington_Clark
518,Wisconsin_Clark
519,Alabama_Clarke
520,Georgia_Clarke
521,Iowa_Clarke
522,Mississippi_Clarke
523,Virginia_Clarke
524,Oregon_Clatsop
525,Alabama_Clay
526,Arkansas_Clay
527,Florida_Clay
528,Georgia_Clay
529,Illinois_Clay
530,Indiana_Clay
531,Iowa_Clay
532,Kansas_Clay
533,Kentucky_Clay
534,Minnesota_Clay
535,Mississippi_Clay
536,Missouri_Clay
537,Nebraska_Clay
538,North Carolina_Clay
539,South Dakota_Clay
540,Tennessee_Clay
541,Texas_Clay
542,West Virginia_Clay
543,Georgia_Clayton
544,Iowa_Clayton
545,Colorado_Clear Creek
546,Pennsylvania_Clearfield
547,Idaho_Clearwater
548,Minnesota_Clearwater
549,Alabama_Cleburne
550,Arkansas_Cleburne
551,Ohio_Clermont
552,Arkansas_Cleveland
553,North Carolina_Cleveland
554,Oklahoma_Cleveland
555,Georgia_Clinch
556,Illinois_Clinton
557,Indiana_Clinton
558,Iowa_Clinton
559,Kentucky_Clinton
560,Michigan_Clinton
561,Missouri_Clinton
562,New York_Clinton
563,Ohio_Clinton
564,Pennsylvania_Clinton
565,Kansas_Cloud
566,Mississippi_Coahoma
567,Oklahoma_Coal
568,Georgia_Cobb
569,Arizona_Cochise
570,Texas_Cochran
571,Tennessee_Cocke
572,Arizona_Coconino
573,South Dakota_Codington
574,Alabama_Coffee
575,Georgia_Coffee
576,Tennessee_Coffee
577,Kansas_Coffey
578,Texas_Coke
579,Alabama_Colbert
580,Missouri_Cole
581,Texas_Coleman
582,Illinois_Coles
583,Nebraska_Colfax
584,New Mexico_Colfax
585,South Carolina_Colleton
586,Florida_Collier
587,Texas_Collin
588,Texas_Collingsworth
589,Texas_Colorado
590,Georgia_Colquitt
591,Arkansas_Columbia
592,Florida_Columbia
593,Georgia_Columbia
594,New York_Columbia
595,Oregon_Columbia
596,Pennsylvania_Columbia
597,Washington_Columbia
598,Wisconsin_Columbia
599,Ohio_Columbiana
600,North Carolina_Columbus
601,California_Colusa
602,Texas_Comal
603,Kansas_Comanche
604,Oklahoma_Comanche
605,Texas_Comanche
606,Texas_Concho
607,Louisiana_Concordia
608,Alabama_Conecuh
609,Colorado_Conejos
610,California_Contra Costa
611,Wyoming_Converse
612,Arkansas_Conway
613,Georgia_Cook
614,Illinois_Cook
615,Minnesota_Cook
616,Texas_Cooke
617,Missouri_Cooper
618,New Hampshire_Coos
619,Oregon_Coos
620,Alabama_Coosa
621,Mississippi_Copiah
622,South Dakota_Corson
623,New York_Cortland
624,Texas_Coryell
625,Ohio_Coshocton
626,Colorado_Costilla
627,Texas_Cottle
628,Oklahoma_Cotton
629,Minnesota_Cottonwood
630,Alabama_Covington
631,Mississippi_Covington
632,Georgia_Coweta
633,Kansas_Cowley
634,Washington_Cowlitz
635,Oklahoma_Craig
636,Virginia_Craig
637,Arkansas_Craighead
638,Texas_Crane
639,North Carolina_Craven
640,Arkansas_Crawford
641,Georgia_Crawford
642,Illinois_Crawford
643,Indiana_Crawford
644,Iowa_Crawford
645,Kansas_Crawford
646,Michigan_Crawford
647,Missouri_Crawford
648,Ohio_Crawford
649,Pennsylvania_Crawford
650,Wisconsin_Crawford
651,Oklahoma_Creek
652,Alabama_Crenshaw
653,Georgia_Crisp
654,Arkansas_Crittenden
655,Kentucky_Crittenden
656,Tennessee_Crockett
657,Texas_Crockett
658,Oregon_Crook
659,Wyoming_Crook
660,Texas_Crosby
661,Arkansas_Cross
662,Minnesota_Crow Wing
663,Colorado_Crowley
664,Texas_Culberson
665,Alabama_Cullman
666,Virginia_Culpeper
667,Illinois_Cumberland
668,Kentucky_Cumberland
669,Maine_Cumberland
670,New Jersey_Cumberland
671,North Carolina_Cumberland
672,Pennsylvania_Cumberland
673,Tennessee_Cumberland
674,Virginia_Cumberland
675,Nebraska_Cuming
676,North Carolina_Currituck
677,New Mexico_Curry
678,Oregon_Curry
679,Colorado_Custer
680,Idaho_Custer
681,Montana_Custer
682,Nebraska_Custer
683,Oklahoma_Custer
684,South Dakota_Custer
685,Ohio_Cuyahoga
686,Georgia_Dade
687,Missouri_Dade
688,Utah_Daggett
689,Minnesota_Dakota
690,Nebraska_Dakota
691,Alabama_Dale
692,Texas_Dallam
693,Alabama_Dallas
694,Arkansas_Dallas
695,Iowa_Dallas
696,Missouri_Dallas
697,Texas_Dallas
698,Wisconsin_Dane
699,Montana_Daniels
700,North Carolina_Dare
701,Ohio_Darke
702,South Carolina_Darlington
703,Pennsylvania_Dauphin
704,North Carolina_Davidson
705,Tennessee_Davidson
706,North Carolina_Davie
707,Indiana_Daviess
708,Kentucky_Daviess
709,Missouri_Daviess
710,Iowa_Davis
711,Utah_Davis
712,South Dakota_Davison
713,Nebraska_Dawes
714,Georgia_Dawson
715,Montana_Dawson
716,Nebraska_Dawson
717,Texas_Dawson
718,South Dakota_Day
719,Louisiana_De Soto
720,Illinois_De Witt
721,Alabama_DeKalb
722,Georgia_DeKalb
723,Illinois_DeKalb
724,Indiana_DeKalb
725,Missouri_DeKalb
726,Tennessee_DeKalb
727,Florida_DeSoto
728,Mississippi_DeSoto
729,Texas_DeWitt
730,Texas_Deaf Smith
731,Indiana_Dearborn
732,Georgia_Decatur
733,Indiana_Decatur
734,Iowa_Decatur
735,Kansas_Decatur
736,Tennessee_Decatur
737,Montana_Deer Lodge
738,Ohio_Defiance
739,California_Del Norte
740,Indiana_Delaware
741,Iowa_Delaware
742,New York_Delaware
743,Ohio_Delaware
744,Oklahoma_Delaware
745,Pennsylvania_Delaware
746,Colorado_Delta
747,Michigan_Delta
748,Texas_Delta
749,Alaska_Denali
750,Missouri_Dent
751,Texas_Denton
752,Colorado_Denver
753,Iowa_Des Moines
754,Oregon_Deschutes
755,Arkansas_Desha
756,Nebraska_Deuel
757,South Dakota_Deuel
758,Oklahoma_Dewey
759,South Dakota_Dewey
760,Texas_Dickens
761,Virginia_Dickenson
762,North Dakota_Dickey
763,Iowa_Dickinson
764,Kansas_Dickinson
765,Michigan_Dickinson
766,Tennessee_Dickson
767,South Carolina_Dillon
768,Texas_Dimmit
769,Virginia_Dinwiddie
770,North Dakota_Divide
771,Florida_Dixie
772,Nebraska_Dixon
773,West Virginia_Doddridge
774,Georgia_Dodge
775,Minnesota_Dodge
776,Nebraska_Dodge
777,Wisconsin_Dodge
778,Colorado_Dolores
779,Kansas_Doniphan
780,Texas_Donley
781,Georgia_Dooly
782,Wisconsin_Door
783,Maryland_Dorchester
784,South Carolina_Dorchester
785,Georgia_Dougherty
786,Colorado_Douglas
787,Georgia_Douglas
788,Illinois_Douglas
789,Kansas_Douglas
790,Minnesota_Douglas
791,Missouri_Douglas
792,Nebraska_Douglas
793,Nevada_Douglas
794,Oregon_Douglas
795,South Dakota_Douglas
796,Washington_Douglas
797,Wisconsin_Douglas
798,Arkansas_Drew
799,Illinois_DuPage
800,Indiana_Dubois
801,Iowa_Dubuque
802,Utah_Duchesne
803,Massachusetts_Dukes
804,Nebraska_Dundy
805,Missouri_Dunklin
806,North Dakota_Dunn
807,Wisconsin_Dunn
808,North Carolina_Duplin
809,North Carolina_Durham
810,New York_Dutchess
811,Florida_Duval
812,Texas_Duval
813,Tennessee_Dyer
814,Colorado_Eagle
815,Georgia_Early
816,Louisiana_East Carroll
817,Louisiana_East Feliciana
818,Texas_Eastland
819,Michigan_Eaton
820,Wisconsin_Eau Claire
821,Georgia_Echols
822,Texas_Ector
823,New Mexico_Eddy
824,North Dakota_Eddy
825,Illinois_Edgar
826,North Carolina_Edgecombe
827,South Carolina_Edgefield
828,Kentucky_Edmonson
829,South Dakota_Edmunds
830,Illinois_Edwards
831,Kansas_Edwards
832,Texas_Edwards
833,Georgia_Effingham
834,Illinois_Effingham
835,California_El Dorado
836,Colorado_El Paso
837,Texas_El Paso
838,Colorado_Elbert
839,Georgia_Elbert
840,Kansas_Elk
841,Pennsylvania_Elk
842,Indiana_Elkhart
843,Nevada_Elko
844,Kentucky_Elliott
845,Kansas_Ellis
846,Oklahoma_Ellis
847,Texas_Ellis
848,Kansas_Ellsworth
849,Alabama_Elmore
850,Idaho_Elmore
851,Georgia_Emanuel
852,Utah_Emery
853,Iowa_Emmet
854,Michigan_Emmet
855,North Dakota_Emmons
856,Texas_Erath
857,New York_Erie
858,Ohio_Erie
859,Pennsylvania_Erie
860,Alabama_Escambia
861,Florida_Escambia
862,Nevada_Esmeralda
863,Massachusetts_Essex
864,New Jersey_Essex
865,New York_Essex
866,Vermont_Essex
867,Virginia_Essex
868,Kentucky_Estill
869,Alabama_Etowah
870,Nevada_Eureka
871,Louisiana_Evangeline
872,Georgia_Evans
873,Alaska_Fairbanks North Star
874,Virginia_Fairfax
875,Ohio_Fairfield
876,South Carolina_Fairfield
877,South Dakota_Fall River
878,Montana_Fallon
879,Texas_Falls
880,Georgia_Fannin
881,Texas_Fannin
882,Minnesota_Faribault
883,South Dakota_Faulk
884,Arkansas_Faulkner
885,Virginia_Fauquier
886,Alabama_Fayette
887,Georgia_Fayette
888,Illinois_Fayette
889,Indiana_Fayette
890,Iowa_Fayette
891,Kentucky_Fayette
892,Ohio_Fayette
893,Pennsylvania_Fayette
894,Tennessee_Fayette
895,Texas_Fayette
896,West Virginia_Fayette
897,Tennessee_Fentress
898,Montana_Fergus
899,Washington_Ferry
900,Minnesota_Fillmore
901,Nebraska_Fillmore
902,Kansas_Finney
903,Texas_Fisher
904,Florida_Flagler
905,Montana_Flathead
906,Kentucky_Fleming
907,South Carolina_Florence
908,Wisconsin_Florence
909,Georgia_Floyd
910,Indiana_Floyd
911,Iowa_Floyd
912,Kentucky_Floyd
913,Texas_Floyd
914,Virginia_Floyd
915,Virginia_Fluvanna
916,Texas_Foard
917,Wisconsin_Fond du Lac
918,Illinois_Ford
919,Kansas_Ford
920,Pennsylvania_Forest
921,Wisconsin_Forest
922,Mississippi_Forrest
923,Georgia_Forsyth
924,North Carolina_Forsyth
925,Texas_Fort Bend
926,North Dakota_Foster
927,Indiana_Fountain
928,Alabama_Franklin
929,Arkansas_Franklin
930,Florida_Franklin
931,Georgia_Franklin
932,Idaho_Franklin
933,Illinois_Franklin
934,Indiana_Franklin
935,Iowa_Franklin
936,Kansas_Franklin
937,Kentucky_Franklin
938,Louisiana_Franklin
939,Maine_Franklin
940,Massachusetts_Franklin
941,Mississippi_Franklin
942,Missouri_Franklin
943,Nebraska_Franklin
944,New York_Franklin
945,North Carolina_Franklin
946,Ohio_Franklin
947,Pennsylvania_Franklin
948,Tennessee_Franklin
949,Texas_Franklin
950,Vermont_Franklin
951,Virginia_Franklin
952,Washington_Franklin
953,Maryland_Frederick
954,Virginia_Frederick
955,Minnesota_Freeborn
956,Texas_Freestone
957,Colorado_Fremont
958,Idaho_Fremont
959,Iowa_Fremont
960,Wyoming_Fremont
961,California_Fresno
962,Texas_Frio
963,Nebraska_Frontier
964,Arkansas_Fulton
965,Georgia_Fulton
966,Illinois_Fulton
967,Indiana_Fulton
968,Kentucky_Fulton
969,New York_Fulton
970,Ohio_Fulton
971,Pennsylvania_Fulton
972,Nebraska_Furnas
973,Florida_Gadsden
974,Nebraska_Gage
975,Texas_Gaines
976,Illinois_Gallatin
977,Kentucky_Gallatin
978,Montana_Gallatin
979,Ohio_Gallia
980,Texas_Galveston
981,Nebraska_Garden
982,Colorado_Garfield
983,Montana_Garfield
984,Nebraska_Garfield
985,Oklahoma_Garfield
986,Utah_Garfield
987,Washington_Garfield
988,Arkansas_Garland
989,Kentucky_Garrard
990,Maryland_Garrett
991,Oklahoma_Garvin
992,Texas_Garza
993,Missouri_Gasconade
994,North Carolina_Gaston
995,North Carolina_Gates
996,Kansas_Geary
997,Ohio_Geauga
998,Idaho_Gem
999,Michigan_Genesee
1000,New York_Genesee
1001,Alabama_Geneva
1002,Missouri_Gentry
1003,Mississippi_George
1004,South Carolina_Georgetown
1005,Indiana_Gibson
1006,Tennessee_Gibson
1007,Arizona_Gila
1008,Florida_Gilchrist
1009,Tennessee_Giles
1010,Virginia_Giles
1011,Texas_Gillespie
1012,Oregon_Gilliam
1013,Georgia_Gilmer
1014,West Virginia_Gilmer
1015,Colorado_Gilpin
1016,Montana_Glacier
1017,Florida_Glades
1018,Michigan_Gladwin
1019,Georgia_Glascock
1020,Texas_Glasscock
1021,California_Glenn
1022,New Jersey_Gloucester
1023,Virginia_Gloucester
1024,Georgia_Glynn
1025,Michigan_Gogebic
1026,Montana_Golden Valley
1027,North Dakota_Golden Valley
1028,Texas_Goliad
1029,Texas_Gonzales
1030,Virginia_Goochland
1031,Minnesota_Goodhue
1032,Idaho_Gooding
1033,Georgia_Gordon
1034,Wyoming_Goshen
1035,Nebraska_Gosper
1036,Kansas_Gove
1037,Georgia_Grady
1038,Oklahoma_Grady
1039,New Hampshire_Grafton
1040,Arizona_Graham
1041,Kansas_Graham
1042,North Carolina_Graham
1043,Tennessee_Grainger
1044,Colorado_Grand
1045,Utah_Grand
1046,North Dakota_Grand Forks
1047,Vermont_Grand Isle
1048,Michigan_Grand Traverse
1049,Montana_Granite
1050,Arkansas_Grant
1051,Indiana_Grant
1052,Kansas_Grant
1053,Kentucky_Grant
1054,Louisiana_Grant
1055,Minnesota_Grant
1056,Nebraska_Grant
1057,New Mexico_Grant
1058,North Dakota_Grant
1059,Oklahoma_Grant
1060,Oregon_Grant
1061,South Dakota_Grant
1062,Washington_Grant
1063,West Virginia_Grant
1064,Wisconsin_Grant
1065,North Carolina_Granville
1066,Michigan_Gratiot
1067,Kentucky_Graves
1068,Kansas_Gray
1069,Texas_Gray
1070,Washington_Grays Harbor
1071,Kentucky_Grayson
1072,Texas_Grayson
1073,Virginia_Grayson
1074,Kansas_Greeley
1075,Nebraska_Greeley
1076,Kentucky_Green
1077,Wisconsin_Green
1078,Wisconsin_Green Lake
1079,West Virginia_Greenbrier
1080,Alabama_Greene
1081,Arkansas_Greene
1082,Georgia_Greene
1083,Illinois_Greene
1084,Indiana_Greene
1085,Iowa_Greene
1086,Mississippi_Greene
1087,Missouri_Greene
1088,New York_Greene
1089,North Carolina_Greene
1090,Ohio_Greene
1091,Pennsylvania_Greene
1092,Tennessee_Greene
1093,Virginia_Greene
1094,Arizona_Greenlee
1095,Virginia_Greensville
1096,Kentucky_Greenup
1097,South Carolina_Greenville
1098,Kansas_Greenwood
1099,South Carolina_Greenwood
1100,Oklahoma_Greer
1101,Texas_Gregg
1102,South Dakota_Gregory
1103,Mississippi_Grenada
1104,North Dakota_Griggs
1105,Texas_Grimes
1106,Illinois_Grundy
1107,Iowa_Grundy
1108,Missouri_Grundy
1109,Tennessee_Grundy
1110,New Mexico_Guadalupe
1111,Texas_Guadalupe
1112,Ohio_Guernsey
1113,North Carolina_Guilford
1114,Florida_Gulf
1115,Colorado_Gunnison
1116,Iowa_Guthrie
1117,Georgia_Gwinnett
1118,South Dakota_Haakon
1119,Georgia_Habersham
1120,Alaska_Haines
1121,Alabama_Hale
1122,Texas_Hale
1123,North Carolina_Halifax
1124,Virginia_Halifax
1125,Georgia_Hall
1126,Nebraska_Hall
1127,Texas_Hall
1128,Tennessee_Hamblen
1129,Florida_Hamilton
1130,Illinois_Hamilton
1131,Indiana_Hamilton
1132,Iowa_Hamilton
1133,Kansas_Hamilton
1134,Nebraska_Hamilton
1135,New York_Hamilton
1136,Ohio_Hamilton
1137,Tennessee_Hamilton
1138,Texas_Hamilton
1139,South Dakota_Hamlin
1140,Massachusetts_Hampden
1141,Massachusetts_Hampshire
1142,West Virginia_Hampshire
1143,South Carolina_Hampton
1144,Georgia_Hancock
1145,Illinois_Hancock
1146,Indiana_Hancock
1147,Iowa_Hancock
1148,Kentucky_Hancock
1149,Maine_Hancock
1150,Mississippi_Hancock
1151,Ohio_Hancock
1152,Tennessee_Hancock
1153,West Virginia_Hancock
1154,South Dakota_Hand
1155,Virginia_Hanover
1156,Texas_Hansford
1157,South Dakota_Hanson
1158,Georgia_Haralson
1159,Florida_Hardee
1160,Tennessee_Hardeman
1161,Texas_Hardeman
1162,Illinois_Hardin
1163,Iowa_Hardin
1164,Kentucky_Hardin
1165,Ohio_Hardin
1166,Tennessee_Hardin
1167,Texas_Hardin
1168,New Mexico_Harding
1169,South Dakota_Harding
1170,West Virginia_Hardy
1171,Maryland_Harford
1172,Kentucky_Harlan
1173,Nebraska_Harlan
1174,Oklahoma_Harmon
1175,North Carolina_Harnett
1176,Oregon_Harney
1177,Kansas_Harper
1178,Oklahoma_Harper
1179,Georgia_Harris
1180,Texas_Harris
1181,Indiana_Harrison
1182,Iowa_Harrison
1183,Kentucky_Harrison
1184,Mississippi_Harrison
1185,Missouri_Harrison
1186,Ohio_Harrison
1187,Texas_Harrison
1188,West Virginia_Harrison
1189,Georgia_Hart
1190,Kentucky_Hart
1191,Texas_Hartley
1192,Kansas_Harvey
1193,Kansas_Haskell
1194,Oklahoma_Haskell
1195,Texas_Haskell
1196,Tennessee_Hawkins
1197,Nebraska_Hayes
1198,Texas_Hays
1199,North Carolina_Haywood
1200,Tennessee_Haywood
1201,Georgia_Heard
1202,Texas_Hemphill
1203,Arkansas_Hempstead
1204,Illinois_Henderson
1205,Kentucky_Henderson
1206,North Carolina_Henderson
1207,Tennessee_Henderson
1208,Texas_Henderson
1209,Indiana_Hendricks
1210,Florida_Hendry
1211,Minnesota_Hennepin
1212,Virginia_Henrico
1213,Alabama_Henry
1214,Georgia_Henry
1215,Illinois_Henry
1216,Indiana_Henry
1217,Iowa_Henry
1218,Kentucky_Henry
1219,Missouri_Henry
1220,Ohio_Henry
1221,Tennessee_Henry
1222,Virginia_Henry
1223,New York_Herkimer
1224,Florida_Hernando
1225,North Carolina_Hertford
1226,North Dakota_Hettinger
1227,Kentucky_Hickman
1228,Tennessee_Hickman
1229,Missouri_Hickory
1230,New Mexico_Hidalgo
1231,Texas_Hidalgo
1232,Ohio_Highland
1233,Virginia_Highland
1234,Florida_Highlands
1235,Montana_Hill
1236,Texas_Hill
1237,Florida_Hillsborough
1238,New Hampshire_Hillsborough
1239,Michigan_Hillsdale
1240,Mississippi_Hinds
1241,Colorado_Hinsdale
1242,Nebraska_Hitchcock
1243,Ohio_Hocking
1244,Texas_Hockley
1245,Kansas_Hodgeman
1246,North Carolina_Hoke
1247,Florida_Holmes
1248,Mississippi_Holmes
1249,Ohio_Holmes
1250,Missouri_Holt
1251,Nebraska_Holt
1252,Hawaii_Honolulu
1253,Texas_Hood
1254,Oregon_Hood River
1255,Nebraska_Hooker
1256,Kentucky_Hopkins
1257,Texas_Hopkins
1258,South Carolina_Horry
1259,Arkansas_Hot Spring
1260,Wyoming_Hot Springs
1261,Michigan_Houghton
1262,Alabama_Houston
1263,Georgia_Houston
1264,Minnesota_Houston
1265,Tennessee_Houston
1266,Texas_Houston
1267,Arkansas_Howard
1268,Indiana_Howard
1269,Iowa_Howard
1270,Maryland_Howard
1271,Missouri_Howard
1272,Nebraska_Howard
1273,Texas_Howard
1274,Missouri_Howell
1275,Minnesota_Hubbard
1276,New Jersey_Hudson
1277,Texas_Hudspeth
1278,Colorado_Huerfano
1279,Oklahoma_Hughes
1280,South Dakota_Hughes
1281,California_Humboldt
1282,Iowa_Humboldt
1283,Nevada_Humboldt
1284,Mississippi_Humphreys
1285,Tennessee_Humphreys
1286,Texas_Hunt
1287,New Jersey_Hunterdon
1288,Pennsylvania_Huntingdon
1289,Indiana_Huntington
1290,Michigan_Huron
1291,Ohio_Huron
1292,South Dakota_Hutchinson
1293,Texas_Hutchinson
1294,North Carolina_Hyde
1295,South Dakota_Hyde
1296,Louisiana_Iberia
1297,Louisiana_Iberville
1298,Iowa_Ida
1299,Idaho_Idaho
1300,California_Imperial
1301,Arkansas_Independence
1302,Florida_Indian River
1303,Pennsylvania_Indiana
1304,Michigan_Ingham
1305,California_Inyo
1306,Michigan_Ionia
1307,Michigan_Iosco
1308,Iowa_Iowa
1309,Wisconsin_Iowa
1310,North Carolina_Iredell
1311,Texas_Irion
1312,Michigan_Iron
1313,Missouri_Iron
1314,Utah_Iron
1315,Wisconsin_Iron
1316,Illinois_Iroquois
1317,Georgia_Irwin
1318,Michigan_Isabella
1319,Minnesota_Isanti
1320,Washington_Island
1321,Virginia_Isle of Wight
1322,Mississippi_Issaquena
1323,Minnesota_Itasca
1324,Mississippi_Itawamba
1325,Arkansas_Izard
1326,Texas_Jack
1327,Alabama_Jackson
1328,Arkansas_Jackson
1329,Colorado_Jackson
1330,Florida_Jackson
1331,Georgia_Jackson
1332,Illinois_Jackson
1333,Indiana_Jackson
1334,Iowa_Jackson
1335,Kansas_Jackson
1336,Kentucky_Jackson
1337,Louisiana_Jackson
1338,Michigan_Jackson
1339,Minnesota_Jackson
1340,Mississippi_Jackson
1341,Missouri_Jackson
1342,North Carolina_Jackson
1343,Ohio_Jackson
1344,Oklahoma_Jackson
1345,Oregon_Jackson
1346,South Dakota_Jackson
1347,Tennessee_Jackson
1348,Texas_Jackson
1349,West Virginia_Jackson
1350,Wisconsin_Jackson
1351,Virginia_James City
1352,Georgia_Jasper
1353,Illinois_Jasper
1354,Indiana_Jasper
1355,Iowa_Jasper
1356,Mississippi_Jasper
1357,Missouri_Jasper
1358,South Carolina_Jasper
1359,Texas_Jasper
1360,Indiana_Jay
1361,Georgia_Jeff Davis
1362,Texas_Jeff Davis
1363,Alabama_Jefferson
1364,Arkansas_Jefferson
1365,Colorado_Jefferson
1366,Florida_Jefferson
1367,Georgia_Jefferson
1368,Idaho_Jefferson
1369,Illinois_Jefferson
1370,Indiana_Jefferson
1371,Iowa_Jefferson
1372,Kansas_Jefferson
1373,Kentucky_Jefferson
1374,Mississippi_Jefferson
1375,Missouri_Jefferson
1376,Montana_Jefferson
1377,Nebraska_Jefferson
1378,New York_Jefferson
1379,Ohio_Jefferson
1380,Oklahoma_Jefferson
1381,Oregon_Jefferson
1382,Pennsylvania_Jefferson
1383,Tennessee_Jefferson
1384,Texas_Jefferson
1385,Washington_Jefferson
1386,West Virginia_Jefferson
1387,Wisconsin_Jefferson
1388,Louisiana_Jefferson Davis
1389,Mississippi_Jefferson Davis
1390,Georgia_Jenkins
1391,Indiana_Jennings
1392,South Dakota_Jerauld
1393,Idaho_Jerome
1394,Illinois_Jersey
1395,Kentucky_Jessamine
1396,Kansas_Jewell
1397,Texas_Jim Hogg
1398,Texas_Jim Wells
1399,Illinois_Jo Daviess
1400,Arkansas_Johnson
1401,Georgia_Johnson
1402,Illinois_Johnson
1403,Indiana_Johnson
1404,Iowa_Johnson
1405,Kansas_Johnson
1406,Kentucky_Johnson
1407,Missouri_Johnson
1408,Nebraska_Johnson
1409,Tennessee_Johnson
1410,Texas_Johnson
1411,Wyoming_Johnson
1412,North Carolina_Johnston
1413,Oklahoma_Johnston
1414,Georgia_Jones
1415,Iowa_Jones
1416,Mississippi_Jones
1417,North Carolina_Jones
1418,South Dakota_Jones
1419,Texas_Jones
1420,Oregon_Josephine
1421,Utah_Juab
1422,Montana_Judith Basin
1423,Wisconsin_Juneau
1424,Pennsylvania_Juniata
1425,Michigan_Kalamazoo
1426,Michigan_Kalkaska
1427,Minnesota_Kanabec
1428,West Virginia_Kanawha
1429,Minnesota_Kandiyohi
1430,Illinois_Kane
1431,Utah_Kane
1432,Illinois_Kankakee
1433,Texas_Karnes
1434,Texas_Kaufman
1435,Oklahoma_Kay
1436,Nebraska_Kearney
1437,Kansas_Kearny
1438,Nebraska_Keith
1439,Mississippi_Kemper
1440,Alaska_Kenai Peninsula
1441,Illinois_Kendall
1442,Texas_Kendall
1443,Texas_Kenedy
1444,Maine_Kennebec
1445,Wisconsin_Kenosha
1446,Delaware_Kent
1447,Maryland_Kent
1448,Michigan_Kent
1449,Texas_Kent
1450,Kentucky_Kenton
1451,Iowa_Keokuk
1452,California_Kern
1453,Texas_Kerr
1454,South Carolina_Kershaw
1455,Alaska_Ketchikan Gateway
1456,Wisconsin_Kewaunee
1457,Michigan_Keweenaw
1458,Nebraska_Keya Paha
1459,North Dakota_Kidder
1460,Nebraska_Kimball
1461,Texas_Kimble
1462,Texas_King
1463,Washington_King
1464,Virginia_King George
1465,Virginia_King William
1466,Virginia_King and Queen
1467,Oklahoma_Kingfisher
1468,Kansas_Kingman
1469,California_Kings
1470,South Dakota_Kingsbury
1471,Texas_Kinney
1472,Colorado_Kiowa
1473,Kansas_Kiowa
1474,Oklahoma_Kiowa
1475,Colorado_Kit Carson
1476,Washington_Kitsap
1477,Washington_Kittitas
1478,Minnesota_Kittson
1479,Oregon_Klamath
1480,Texas_Kleberg
1481,Washington_Klickitat
1482,Kentucky_Knott
1483,Illinois_Knox
1484,Indiana_Knox
1485,Kentucky_Knox
1486,Maine_Knox
1487,Missouri_Knox
1488,Nebraska_Knox
1489,Ohio_Knox
1490,Tennessee_Knox
1491,Texas_Knox
1492,Alaska_Kodiak Island
1493,Minnesota_Koochiching
1494,Idaho_Kootenai
1495,Indiana_Kosciusko
1496,Iowa_Kossuth
1497,Wisconsin_La Crosse
1498,Arizona_La Paz
1499,Colorado_La Plata
1500,Louisiana_La Salle
1501,Texas_La Salle
1502,Indiana_LaGrange
1503,North Dakota_LaMoure
1504,Indiana_LaPorte
1505,Kansas_Labette
1506,Minnesota_Lac qui Parle
1507,Pennsylvania_Lackawanna
1508,Missouri_Laclede
1509,Arkansas_Lafayette
1510,Florida_Lafayette
1511,Louisiana_Lafayette
1512,Mississippi_Lafayette
1513,Missouri_Lafayette
1514,Wisconsin_Lafayette
1515,Louisiana_Lafourche
1516,California_Lake
1517,Colorado_Lake
1518,Florida_Lake
1519,Illinois_Lake
1520,Indiana_Lake
1521,Michigan_Lake
1522,Minnesota_Lake
1523,Montana_Lake
1524,Ohio_Lake
1525,Oregon_Lake
1526,South Dakota_Lake
1527,Tennessee_Lake
1528,Alaska_Lake and Peninsula
1529,Minnesota_Lake of the Woods
1530,Alabama_Lamar
1531,Georgia_Lamar
1532,Mississippi_Lamar
1533,Texas_Lamar
1534,Texas_Lamb
1535,Vermont_Lamoille
1536,Texas_Lampasas
1537,Nebraska_Lancaster
1538,Pennsylvania_Lancaster
1539,South Carolina_Lancaster
1540,Virginia_Lancaster
1541,Nevada_Lander
1542,Kansas_Lane
1543,Oregon_Lane
1544,Wisconsin_Langlade
1545,Georgia_Lanier
1546,Michigan_Lapeer
1547,Wyoming_Laramie
1548,Colorado_Larimer
1549,Kentucky_Larue
1550,Colorado_Las Animas
1551,California_Lassen
1552,Idaho_Latah
1553,Oklahoma_Latimer
1554,Alabama_Lauderdale
1555,Mississippi_Lauderdale
1556,Tennessee_Lauderdale
1557,Kentucky_Laurel
1558,Georgia_Laurens
1559,South Carolina_Laurens
1560,Texas_Lavaca
1561,Alabama_Lawrence
1562,Arkansas_Lawrence
1563,Illinois_Lawrence
1564,Indiana_Lawrence
1565,Kentucky_Lawrence
1566,Mississippi_Lawrence
1567,Missouri_Lawrence
1568,Ohio_Lawrence
1569,Pennsylvania_Lawrence
1570,South Dakota_Lawrence
1571,Tennessee_Lawrence
1572,Oklahoma_Le Flore
1573,Minnesota_Le Sueur
1574,New Mexico_Lea
1575,Mississippi_Leake
1576,Kansas_Leavenworth
1577,Pennsylvania_Lebanon
1578,Alabama_Lee
1579,Arkansas_Lee
1580,Florida_Lee
1581,Georgia_Lee
1582,Illinois_Lee
1583,Iowa_Lee
1584,Kentucky_Lee
1585,Mississippi_Lee
1586,North Carolina_Lee
1587,South Carolina_Lee
1588,Texas_Lee
1589,Virginia_Lee
1590,Michigan_Leelanau
1591,Mississippi_Leflore
1592,Pennsylvania_Lehigh
1593,Idaho_Lemhi
1594,Michigan_Lenawee
1595,North Carolina_Lenoir
1596,Florida_Leon
1597,Texas_Leon
1598,Kentucky_Leslie
1599,Kentucky_Letcher
1600,Florida_Levy
1601,Idaho_Lewis
1602,Kentucky_Lewis
1603,Missouri_Lewis
1604,New York_Lewis
1605,Tennessee_Lewis
1606,Washington_Lewis
1607,West Virginia_Lewis
1608,Montana_Lewis and Clark
1609,South Carolina_Lexington
1610,Florida_Liberty
1611,Georgia_Liberty
1612,Montana_Liberty
1613,Texas_Liberty
1614,Ohio_Licking
1615,Alabama_Limestone
1616,Texas_Limestone
1617,Arkansas_Lincoln
1618,Colorado_Lincoln
1619,Georgia_Lincoln
1620,Idaho_Lincoln
1621,Kansas_Lincoln
1622,Kentucky_Lincoln
1623,Louisiana_Lincoln
1624,Maine_Lincoln
1625,Minnesota_Lincoln
1626,Mississippi_Lincoln
1627,Missouri_Lincoln
1628,Montana_Lincoln
1629,Nebraska_Lincoln
1630,Nevada_Lincoln
1631,New Mexico_Lincoln
1632,North Carolina_Lincoln
1633,Oklahoma_Lincoln
1634,Oregon_Lincoln
1635,South Dakota_Lincoln
1636,Tennessee_Lincoln
1637,Washington_Lincoln
1638,West Virginia_Lincoln
1639,Wisconsin_Lincoln
1640,Wyoming_Lincoln
1641,Iowa_Linn
1642,Kansas_Linn
1643,Missouri_Linn
1644,Oregon_Linn
1645,Texas_Lipscomb
1646,Arkansas_Little River
1647,Texas_Live Oak
1648,Illinois_Livingston
1649,Kentucky_Livingston
1650,Louisiana_Livingston
1651,Michigan_Livingston
1652,Missouri_Livingston
1653,New York_Livingston
1654,Texas_Llano
1655,Arkansas_Logan
1656,Colorado_Logan
1657,Illinois_Logan
1658,Kansas_Logan
1659,Kentucky_Logan
1660,Nebraska_Logan
1661,North Dakota_Logan
1662,Ohio_Logan
1663,Oklahoma_Logan
1664,West Virginia_Logan
1665,Georgia_Long
1666,Arkansas_Lonoke
1667,Ohio_Lorain
1668,New Mexico_Los Alamos
1669,California_Los Angeles
1670,Tennessee_Loudon
1671,Virginia_Loudoun
1672,Iowa_Louisa
1673,Virginia_Louisa
1674,Nebraska_Loup
1675,Oklahoma_Love
1676,Texas_Loving
1677,Alabama_Lowndes
1678,Georgia_Lowndes
1679,Mississippi_Lowndes
1680,Texas_Lubbock
1681,Iowa_Lucas
1682,Ohio_Lucas
1683,Michigan_Luce
1684,Georgia_Lumpkin
1685,New Mexico_Luna
1686,Virginia_Lunenburg
1687,Pennsylvania_Luzerne
1688,Pennsylvania_Lycoming
1689,South Dakota_Lyman
1690,Texas_Lynn
1691,Iowa_Lyon
1692,Kansas_Lyon
1693,Kentucky_Lyon
1694,Minnesota_Lyon
1695,Nevada_Lyon
1696,Michigan_Mackinac
1697,Michigan_Macomb
1698,Alabama_Macon
1699,Georgia_Macon
1700,Illinois_Macon
1701,Missouri_Macon
1702,North Carolina_Macon
1703,Tennessee_Macon
1704,Illinois_Macoupin
1705,California_Madera
1706,Alabama_Madison
1707,Arkansas_Madison
1708,Florida_Madison
1709,Georgia_Madison
1710,Idaho_Madison
1711,Illinois_Madison
1712,Indiana_Madison
1713,Iowa_Madison
1714,Kentucky_Madison
1715,Louisiana_Madison
1716,Mississippi_Madison
1717,Missouri_Madison
1718,Montana_Madison
1719,Nebraska_Madison
1720,New York_Madison
1721,North Carolina_Madison
1722,Ohio_Madison
1723,Tennessee_Madison
1724,Texas_Madison
1725,Virginia_Madison
1726,Kentucky_Magoffin
1727,Iowa_Mahaska
1728,Minnesota_Mahnomen
1729,Ohio_Mahoning
1730,Oklahoma_Major
1731,Oregon_Malheur
1732,Florida_Manatee
1733,Michigan_Manistee
1734,Wisconsin_Manitowoc
1735,Wisconsin_Marathon
1736,Alabama_Marengo
1737,Arizona_Maricopa
1738,Missouri_Maries
1739,California_Marin
1740,Wisconsin_Marinette
1741,Alabama_Marion
1742,Arkansas_Marion
1743,Florida_Marion
1744,Georgia_Marion
1745,Illinois_Marion
1746,Indiana_Marion
1747,Iowa_Marion
1748,Kansas_Marion
1749,Kentucky_Marion
1750,Mississippi_Marion
1751,Missouri_Marion
1752,Ohio_Marion
1753,Oregon_Marion
1754,South Carolina_Marion
1755,Tennessee_Marion
1756,Texas_Marion
1757,West Virginia_Marion
1758,California_Mariposa
1759,South Carolina_Marlboro
1760,Michigan_Marquette
1761,Wisconsin_Marquette
1762,Alabama_Marshall
1763,Illinois_Marshall
1764,Indiana_Marshall
1765,Iowa_Marshall
1766,Kansas_Marshall
1767,Kentucky_Marshall
1768,Minnesota_Marshall
1769,Mississippi_Marshall
1770,Oklahoma_Marshall
1771,South Dakota_Marshall
1772,Tennessee_Marshall
1773,West Virginia_Marshall
1774,Florida_Martin
1775,Indiana_Martin
1776,Kentucky_Martin
1777,Minnesota_Martin
1778,North Carolina_Martin
1779,Texas_Martin
1780,Illinois_Mason
1781,Kentucky_Mason
1782,Michigan_Mason
1783,Texas_Mason
1784,Washington_Mason
1785,West Virginia_Mason
1786,Illinois_Massac
1787,Texas_Matagorda
1788,Virginia_Mathews
1789,Hawaii_Maui
1790,Tennessee_Maury
1791,Texas_Maverick
1792,Oklahoma_Mayes
1793,Oklahoma_McClain
1794,Montana_McCone
1795,South Dakota_McCook
1796,South Carolina_McCormick
1797,Kentucky_McCracken
1798,Kentucky_McCreary
1799,Texas_McCulloch
1800,Oklahoma_McCurtain
1801,Missouri_McDonald
1802,Illinois_McDonough
1803,North Carolina_McDowell
1804,West Virginia_McDowell
1805,Georgia_McDuffie
1806,Illinois_McHenry
1807,North Dakota_McHenry
1808,Georgia_McIntosh
1809,North Dakota_McIntosh
1810,Oklahoma_McIntosh
1811,Pennsylvania_McKean
1812,North Dakota_McKenzie
1813,New Mexico_McKinley
1814,Illinois_McLean
1815,Kentucky_McLean
1816,North Dakota_McLean
1817,Texas_McLennan
1818,Minnesota_McLeod
1819,Tennessee_McMinn
1820,Texas_McMullen
1821,Tennessee_McNairy
1822,Kansas_McPherson
1823,Nebraska_McPherson
1824,South Dakota_McPherson
1825,Kansas_Meade
1826,Kentucky_Meade
1827,South Dakota_Meade
1828,Montana_Meagher
1829,North Carolina_Mecklenburg
1830,Virginia_Mecklenburg
1831,Michigan_Mecosta
1832,Ohio_Medina
1833,Texas_Medina
1834,Minnesota_Meeker
1835,Ohio_Meigs
1836,Tennessee_Meigs
1837,South Dakota_Mellette
1838,Illinois_Menard
1839,Texas_Menard
1840,California_Mendocino
1841,Kentucky_Menifee
1842,Michigan_Menominee
1843,Wisconsin_Menominee
1844,California_Merced
1845,Illinois_Mercer
1846,Kentucky_Mercer
1847,Missouri_Mercer
1848,New Jersey_Mercer
1849,North Dakota_Mercer
1850,Ohio_Mercer
1851,Pennsylvania_Mercer
1852,West Virginia_Mercer
1853,Georgia_Meriwether
1854,Nebraska_Merrick
1855,New Hampshire_Merrimack
1856,Colorado_Mesa
1857,Kentucky_Metcalfe
1858,Indiana_Miami
1859,Kansas_Miami
1860,Ohio_Miami
1861,Florida_Miami-Dade
1862,Massachusetts_Middlesex
1863,New Jersey_Middlesex
1864,Virginia_Middlesex
1865,Michigan_Midland
1866,Texas_Midland
1867,Pennsylvania_Mifflin
1868,Texas_Milam
1869,Utah_Millard
1870,Minnesota_Mille Lacs
1871,Arkansas_Miller
1872,Georgia_Miller
1873,Missouri_Miller
1874,Iowa_Mills
1875,Texas_Mills
1876,Wisconsin_Milwaukee
1877,South Dakota_Miner
1878,Colorado_Mineral
1879,Montana_Mineral
1880,Nevada_Mineral
1881,West Virginia_Mineral
1882,West Virginia_Mingo
1883,Idaho_Minidoka
1884,South Dakota_Minnehaha
1885,Michigan_Missaukee
1886,Arkansas_Mississippi
1887,Missouri_Mississippi
1888,Montana_Missoula
1889,Georgia_Mitchell
1890,Iowa_Mitchell
1891,Kansas_Mitchell
1892,North Carolina_Mitchell
1893,Texas_Mitchell
1894,Alabama_Mobile
1895,California_Modoc
1896,Colorado_Moffat
1897,Arizona_Mohave
1898,Missouri_Moniteau
1899,New Jersey_Monmouth
1900,California_Mono
1901,Iowa_Monona
1902,West Virginia_Monongalia
1903,Alabama_Monroe
1904,Arkansas_Monroe
1905,Florida_Monroe
1906,Georgia_Monroe
1907,Illinois_Monroe
1908,Indiana_Monroe
1909,Iowa_Monroe
1910,Kentucky_Monroe
1911,Michigan_Monroe
1912,Mississippi_Monroe
1913,Missouri_Monroe
1914,New York_Monroe
1915,Ohio_Monroe
1916,Pennsylvania_Monroe
1917,Tennessee_Monroe
1918,West Virginia_Monroe
1919,Wisconsin_Monroe
1920,Texas_Montague
1921,Michigan_Montcalm
1922,California_Monterey
1923,Colorado_Montezuma
1924,Alabama_Montgomery
1925,Arkansas_Montgomery
1926,Georgia_Montgomery
1927,Illinois_Montgomery
1928,Indiana_Montgomery
1929,Iowa_Montgomery
1930,Kansas_Montgomery
1931,Kentucky_Montgomery
1932,Maryland_Montgomery
1933,Mississippi_Montgomery
1934,Missouri_Montgomery
1935,New York_Montgomery
1936,North Carolina_Montgomery
1937,Ohio_Montgomery
1938,Pennsylvania_Montgomery
1939,Tennessee_Montgomery
1940,Texas_Montgomery
1941,Virginia_Montgomery
1942,Michigan_Montmorency
1943,Pennsylvania_Montour
1944,Colorado_Montrose
1945,South Dakota_Moody
1946,North Carolina_Moore
1947,Tennessee_Moore
1948,Texas_Moore
1949,New Mexico_Mora
1950,Louisiana_Morehouse
1951,Alabama_Morgan
1952,Colorado_Morgan
1953,Georgia_Morgan
1954,Illinois_Morgan
1955,Indiana_Morgan
1956,Kentucky_Morgan
1957,Missouri_Morgan
1958,Ohio_Morgan
1959,Tennessee_Morgan
1960,Utah_Morgan
1961,West Virginia_Morgan
1962,Nebraska_Morrill
1963,Kansas_Morris
1964,New Jersey_Morris
1965,Texas_Morris
1966,Minnesota_Morrison
1967,Ohio_Morrow
1968,Oregon_Morrow
1969,Kansas_Morton
1970,North Dakota_Morton
1971,Texas_Motley
1972,Illinois_Moultrie
1973,North Dakota_Mountrail
1974,Minnesota_Mower
1975,Kentucky_Muhlenberg
1976,Oregon_Multnomah
1977,Georgia_Murray
1978,Minnesota_Murray
1979,Oklahoma_Murray
1980,Iowa_Muscatine
1981,Georgia_Muscogee
1982,Michigan_Muskegon
1983,Ohio_Muskingum
1984,Oklahoma_Muskogee
1985,Montana_Musselshell
1986,Texas_Nacogdoches
1987,Nebraska_Nance
1988,Massachusetts_Nantucket
1989,California_Napa
1990,North Carolina_Nash
1991,Florida_Nassau
1992,New York_Nassau
1993,Louisiana_Natchitoches
1994,Wyoming_Natrona
1995,Arizona_Navajo
1996,Texas_Navarro
1997,Kentucky_Nelson
1998,North Dakota_Nelson
1999,Virginia_Nelson
2000,Kansas_Nemaha
2001,Nebraska_Nemaha
2002,Kansas_Neosho
2003,Mississippi_Neshoba
2004,Kansas_Ness
2005,Arkansas_Nevada
2006,California_Nevada
2007,Delaware_New Castle
2008,North Carolina_New Hanover
2009,Virginia_New Kent
2010,Missouri_New Madrid
2011,Michigan_Newaygo
2012,South Carolina_Newberry
2013,Arkansas_Newton
2014,Georgia_Newton
2015,Indiana_Newton
2016,Mississippi_Newton
2017,Missouri_Newton
2018,Texas_Newton
2019,Idaho_Nez Perce
2020,New York_Niagara
2021,Kentucky_Nicholas
2022,West Virginia_Nicholas
2023,Minnesota_Nicollet
2024,Wyoming_Niobrara
2025,Indiana_Noble
2026,Ohio_Noble
2027,Oklahoma_Noble
2028,Minnesota_Nobles
2029,Missouri_Nodaway
2030,Texas_Nolan
2031,Massachusetts_Norfolk
2032,Minnesota_Norman
2033,Alaska_North Slope
2034,North Carolina_Northampton
2035,Pennsylvania_Northampton
2036,Virginia_Northampton
2037,Pennsylvania_Northumberland
2038,Virginia_Northumberland
2039,Alaska_Northwest Arctic
2040,Kansas_Norton
2041,Virginia_Nottoway
2042,Oklahoma_Nowata
2043,Mississippi_Noxubee
2044,Nebraska_Nuckolls
2045,Texas_Nueces
2046,Nevada_Nye
2047,Iowa_O'Brien
2048,Michigan_Oakland
2049,Tennessee_Obion
2050,New Jersey_Ocean
2051,Michigan_Oceana
2052,Texas_Ochiltree
2053,Georgia_Oconee
2054,South Carolina_Oconee
2055,Wisconsin_Oconto
2056,Michigan_Ogemaw
2057,Illinois_Ogle
2058,Georgia_Oglethorpe
2059,Indiana_Ohio
2060,Kentucky_Ohio
2061,West Virginia_Ohio
2062,Florida_Okaloosa
2063,Washington_Okanogan
2064,Florida_Okeechobee
2065,Oklahoma_Okfuskee
2066,Oklahoma_Oklahoma
2067,Oklahoma_Okmulgee
2068,Mississippi_Oktibbeha
2069,Kentucky_Oldham
2070,Texas_Oldham
2071,North Dakota_Oliver
2072,Minnesota_Olmsted
2073,Idaho_Oneida
2074,New York_Oneida
2075,Wisconsin_Oneida
2076,New York_Onondaga
2077,North Carolina_Onslow
2078,New York_Ontario
2079,Michigan_Ontonagon
2080,California_Orange
2081,Florida_Orange
2082,Indiana_Orange
2083,New York_Orange
2084,North Carolina_Orange
2085,Texas_Orange
2086,Vermont_Orange
2087,Virginia_Orange
2088,South Carolina_Orangeburg
2089,Missouri_Oregon
2090,Louisiana_Orleans
2091,New York_Orleans
2092,Vermont_Orleans
2093,Kansas_Osage
2094,Missouri_Osage
2095,Oklahoma_Osage
2096,Kansas_Osborne
2097,Florida_Osceola
2098,Iowa_Osceola
2099,Michigan_Osceola
2100,Michigan_Oscoda
2101,New York_Oswego
2102,Colorado_Otero
2103,New Mexico_Otero
2104,Nebraska_Otoe
2105,Michigan_Otsego
2106,New York_Otsego
2107,Kansas_Ottawa
2108,Michigan_Ottawa
2109,Ohio_Ottawa
2110,Oklahoma_Ottawa
2111,Minnesota_Otter Tail
2112,Arkansas_Ouachita
2113,Colorado_Ouray
2114,Wisconsin_Outagamie
2115,Tennessee_Overton
2116,Indiana_Owen
2117,Kentucky_Owen
2118,Kentucky_Owsley
2119,Idaho_Owyhee
2120,Maine_Oxford
2121,Missouri_Ozark
2122,Wisconsin_Ozaukee
2123,Washington_Pacific
2124,Iowa_Page
2125,Virginia_Page
2126,Florida_Palm Beach
2127,Iowa_Palo Alto
2128,Texas_Palo Pinto
2129,North Carolina_Pamlico
2130,Mississippi_Panola
2131,Texas_Panola
2132,Colorado_Park
2133,Montana_Park
2134,Wyoming_Park
2135,Indiana_Parke
2136,Texas_Parker
2137,Texas_Parmer
2138,Florida_Pasco
2139,North Carolina_Pasquotank
2140,New Jersey_Passaic
2141,Virginia_Patrick
2142,Georgia_Paulding
2143,Ohio_Paulding
2144,Kansas_Pawnee
2145,Nebraska_Pawnee
2146,Oklahoma_Pawnee
2147,Idaho_Payette
2148,Oklahoma_Payne
2149,Georgia_Peach
2150,Mississippi_Pearl River
2151,Texas_Pecos
2152,North Dakota_Pembina
2153,Missouri_Pemiscot
2154,Washington_Pend Oreille
2155,North Carolina_Pender
2156,Kentucky_Pendleton
2157,West Virginia_Pendleton
2158,Minnesota_Pennington
2159,South Dakota_Pennington
2160,Maine_Penobscot
2161,Illinois_Peoria
2162,Wisconsin_Pepin
2163,Nebraska_Perkins
2164,South Dakota_Perkins
2165,North Carolina_Perquimans
2166,Alabama_Perry
2167,Arkansas_Perry
2168,Illinois_Perry
2169,Indiana_Perry
2170,Kentucky_Perry
2171,Mississippi_Perry
2172,Missouri_Perry
2173,Ohio_Perry
2174,Pennsylvania_Perry
2175,Tennessee_Perry
2176,Nevada_Pershing
2177,North Carolina_Person
2178,Montana_Petroleum
2179,Missouri_Pettis
2180,Missouri_Phelps
2181,Nebraska_Phelps
2182,Pennsylvania_Philadelphia
2183,Arkansas_Phillips
2184,Colorado_Phillips
2185,Kansas_Phillips
2186,Montana_Phillips
2187,Illinois_Piatt
2188,Ohio_Pickaway
2189,Alabama_Pickens
2190,Georgia_Pickens
2191,South Carolina_Pickens
2192,Tennessee_Pickett
2193,Georgia_Pierce
2194,Nebraska_Pierce
2195,North Dakota_Pierce
2196,Washington_Pierce
2197,Wisconsin_Pierce
2198,Alabama_Pike
2199,Arkansas_Pike
2200,Georgia_Pike
2201,Illinois_Pike
2202,Indiana_Pike
2203,Kentucky_Pike
2204,Mississippi_Pike
2205,Missouri_Pike
2206,Ohio_Pike
2207,Pennsylvania_Pike
2208,Arizona_Pima
2209,Arizona_Pinal
2210,Minnesota_Pine
2211,Florida_Pinellas
2212,Minnesota_Pipestone
2213,Maine_Piscataquis
2214,Colorado_Pitkin
2215,North Carolina_Pitt
2216,Oklahoma_Pittsburg
2217,Virginia_Pittsylvania
2218,Utah_Piute
2219,California_Placer
2220,Missouri_Platte
2221,Nebraska_Platte
2222,Wyoming_Platte
2223,West Virginia_Pleasants
2224,California_Plumas
2225,Iowa_Plymouth
2226,Massachusetts_Plymouth
2227,Iowa_Pocahontas
2228,West Virginia_Pocahontas
2229,Arkansas_Poinsett
2230,Louisiana_Pointe Coupee
2231,Arkansas_Polk
2232,Florida_Polk
2233,Georgia_Polk
2234,Iowa_Polk
2235,Minnesota_Polk
2236,Missouri_Polk
2237,Nebraska_Polk
2238,North Carolina_Polk
2239,Oregon_Polk
2240,Tennessee_Polk
2241,Texas_Polk
2242,Wisconsin_Polk
2243,Montana_Pondera
2244,Mississippi_Pontotoc
2245,Oklahoma_Pontotoc
2246,Arkansas_Pope
2247,Illinois_Pope
2248,Minnesota_Pope
2249,Ohio_Portage
2250,Wisconsin_Portage
2251,Indiana_Porter
2252,Indiana_Posey
2253,Kansas_Pottawatomie
2254,Oklahoma_Pottawatomie
2255,Iowa_Pottawattamie
2256,Pennsylvania_Potter
2257,South Dakota_Potter
2258,Texas_Potter
2259,Montana_Powder River
2260,Kentucky_Powell
2261,Montana_Powell
2262,Idaho_Power
2263,Iowa_Poweshiek
2264,Virginia_Powhatan
2265,Arkansas_Prairie
2266,Montana_Prairie
2267,Kansas_Pratt
2268,Ohio_Preble
2269,Mississippi_Prentiss
2270,Texas_Presidio
2271,Michigan_Presque Isle
2272,West Virginia_Preston
2273,Wisconsin_Price
2274,Virginia_Prince Edward
2275,Virginia_Prince George
2276,Maryland_Prince George's
2277,Virginia_Prince William
2278,Colorado_Prowers
2279,Colorado_Pueblo
2280,Arkansas_Pulaski
2281,Georgia_Pulaski
2282,Illinois_Pulaski
2283,Indiana_Pulaski
2284,Kentucky_Pulaski
2285,Missouri_Pulaski
2286,Virginia_Pulaski
2287,Oklahoma_Pushmataha
2288,Florida_Putnam
2289,Georgia_Putnam
2290,Illinois_Putnam
2291,Indiana_Putnam
2292,Missouri_Putnam
2293,New York_Putnam
2294,Ohio_Putnam
2295,Tennessee_Putnam
2296,West Virginia_Putnam
2297,New Mexico_Quay
2298,Maryland_Queen Anne's
2299,Mississippi_Quitman
2300,Georgia_Rabun
2301,Wisconsin_Racine
2302,Texas_Rains
2303,West Virginia_Raleigh
2304,Missouri_Ralls
2305,Minnesota_Ramsey
2306,North Dakota_Ramsey
2307,Texas_Randall
2308,Alabama_Randolph
2309,Arkansas_Randolph
2310,Illinois_Randolph
2311,Indiana_Randolph
2312,Missouri_Randolph
2313,North Carolina_Randolph
2314,West Virginia_Randolph
2315,Mississippi_Rankin
2316,North Dakota_Ransom
2317,Louisiana_Rapides
2318,Virginia_Rappahannock
2319,Montana_Ravalli
2320,Kansas_Rawlins
2321,Missouri_Ray
2322,Texas_Reagan
2323,Texas_Real
2324,Minnesota_Red Lake
2325,Louisiana_Red River
2326,Texas_Red River
2327,Nebraska_Red Willow
2328,Minnesota_Redwood
2329,Texas_Reeves
2330,Texas_Refugio
2331,Kansas_Reno
2332,New York_Rensselaer
2333,Minnesota_Renville
2334,North Dakota_Renville
2335,Kansas_Republic
2336,Missouri_Reynolds
2337,Tennessee_Rhea
2338,Kansas_Rice
2339,Minnesota_Rice
2340,Utah_Rich
2341,Nebraska_Richardson
2342,Illinois_Richland
2343,Louisiana_Richland
2344,Montana_Richland
2345,North Dakota_Richland
2346,Ohio_Richland
2347,South Carolina_Richland
2348,Wisconsin_Richland
2349,Georgia_Richmond
2350,North Carolina_Richmond
2351,Virginia_Richmond
2352,Kansas_Riley
2353,Iowa_Ringgold
2354,New Mexico_Rio Arriba
2355,Colorado_Rio Blanco
2356,Colorado_Rio Grande
2357,Indiana_Ripley
2358,Missouri_Ripley
2359,West Virginia_Ritchie
2360,California_Riverside
2361,Tennessee_Roane
2362,West Virginia_Roane
2363,Virginia_Roanoke
2364,South Dakota_Roberts
2365,Texas_Roberts
2366,Kentucky_Robertson
2367,Tennessee_Robertson
2368,Texas_Robertson
2369,North Carolina_Robeson
2370,Minnesota_Rock
2371,Nebraska_Rock
2372,Wisconsin_Rock
2373,Illinois_Rock Island
2374,Virginia_Rockbridge
2375,Kentucky_Rockcastle
2376,Georgia_Rockdale
2377,New Hampshire_Rockingham
2378,North Carolina_Rockingham
2379,Virginia_Rockingham
2380,New York_Rockland
2381,Texas_Rockwall
2382,Oklahoma_Roger Mills
2383,Oklahoma_Rogers
2384,North Dakota_Rolette
2385,Kansas_Rooks
2386,Montana_Roosevelt
2387,New Mexico_Roosevelt
2388,Michigan_Roscommon
2389,Minnesota_Roseau
2390,Montana_Rosebud
2391,Ohio_Ross
2392,Colorado_Routt
2393,Kentucky_Rowan
2394,North Carolina_Rowan
2395,Texas_Runnels
2396,Indiana_Rush
2397,Kansas_Rush
2398,Texas_Rusk
2399,Wisconsin_Rusk
2400,Alabama_Russell
2401,Kansas_Russell
2402,Kentucky_Russell
2403,Virginia_Russell
2404,North Carolina_Rutherford
2405,Tennessee_Rutherford
2406,Vermont_Rutland
2407,Louisiana_Sabine
2408,Texas_Sabine
2409,Iowa_Sac
2410,California_Sacramento
2411,Maine_Sagadahoc
2412,Michigan_Saginaw
2413,Colorado_Saguache
2414,New Jersey_Salem
2415,Arkansas_Saline
2416,Illinois_Saline
2417,Kansas_Saline
2418,Missouri_Saline
2419,Nebraska_Saline
2420,Utah_Salt Lake
2421,South Carolina_Saluda
2422,North Carolina_Sampson
2423,Texas_San Augustine
2424,California_San Benito
2425,California_San Bernardino
2426,California_San Diego
2427,Texas_San Jacinto
2428,California_San Joaquin
2429,Colorado_San Juan
2430,New Mexico_San Juan
2431,Utah_San Juan
2432,Washington_San Juan
2433,California_San Luis Obispo
2434,California_San Mateo
2435,Colorado_San Miguel
2436,New Mexico_San Miguel
2437,Texas_San Patricio
2438,Texas_San Saba
2439,South Dakota_Sanborn
2440,Montana_Sanders
2441,New Mexico_Sandoval
2442,Ohio_Sandusky
2443,Illinois_Sangamon
2444,Michigan_Sanilac
2445,Utah_Sanpete
2446,California_Santa Barbara
2447,California_Santa Clara
2448,Arizona_Santa Cruz
2449,California_Santa Cruz
2450,New Mexico_Santa Fe
2451,Florida_Santa Rosa
2452,Florida_Sarasota
2453,New York_Saratoga
2454,North Dakota_Sargent
2455,Nebraska_Sarpy
2456,Wisconsin_Sauk
2457,Nebraska_Saunders
2458,Wisconsin_Sawyer
2459,New York_Schenectady
2460,Texas_Schleicher
2461,Georgia_Schley
2462,New York_Schoharie
2463,Michigan_Schoolcraft
2464,Illinois_Schuyler
2465,Missouri_Schuyler
2466,New York_Schuyler
2467,Pennsylvania_Schuylkill
2468,Ohio_Scioto
2469,Missouri_Scotland
2470,North Carolina_Scotland
2471,Arkansas_Scott
2472,Illinois_Scott
2473,Indiana_Scott
2474,Iowa_Scott
2475,Kansas_Scott
2476,Kentucky_Scott
2477,Minnesota_Scott
2478,Mississippi_Scott
2479,Missouri_Scott
2480,Tennessee_Scott
2481,Virginia_Scott
2482,Nebraska_Scotts Bluff
2483,Georgia_Screven
2484,Texas_Scurry
2485,Arkansas_Searcy
2486,Arkansas_Sebastian
2487,Colorado_Sedgwick
2488,Kansas_Sedgwick
2489,Florida_Seminole
2490,Georgia_Seminole
2491,Oklahoma_Seminole
2492,New York_Seneca
2493,Ohio_Seneca
2494,Tennessee_Sequatchie
2495,Oklahoma_Sequoyah
2496,Arkansas_Sevier
2497,Tennessee_Sevier
2498,Utah_Sevier
2499,Kansas_Seward
2500,Nebraska_Seward
2501,Texas_Shackelford
2502,Missouri_Shannon
2503,Mississippi_Sharkey
2504,Arkansas_Sharp
2505,California_Shasta
2506,Wisconsin_Shawano
2507,Kansas_Shawnee
2508,Wisconsin_Sheboygan
2509,Alabama_Shelby
2510,Illinois_Shelby
2511,Indiana_Shelby
2512,Iowa_Shelby
2513,Kentucky_Shelby
2514,Missouri_Shelby
2515,Ohio_Shelby
2516,Tennessee_Shelby
2517,Texas_Shelby
2518,Virginia_Shenandoah
2519,Minnesota_Sherburne
2520,Kansas_Sheridan
2521,Montana_Sheridan
2522,Nebraska_Sheridan
2523,North Dakota_Sheridan
2524,Wyoming_Sheridan
2525,Kansas_Sherman
2526,Nebraska_Sherman
2527,Oregon_Sherman
2528,Texas_Sherman
2529,Michigan_Shiawassee
2530,Idaho_Shoshone
2531,Minnesota_Sibley
2532,California_Sierra
2533,New Mexico_Sierra
2534,Montana_Silver Bow
2535,Kentucky_Simpson
2536,Mississippi_Simpson
2537,Iowa_Sioux
2538,Nebraska_Sioux
2539,North Dakota_Sioux
2540,California_Siskiyou
2541,Washington_Skagit
2542,Washington_Skamania
2543,North Dakota_Slope
2544,Kansas_Smith
2545,Mississippi_Smith
2546,Tennessee_Smith
2547,Texas_Smith
2548,Virginia_Smyth
2549,Washington_Snohomish
2550,Pennsylvania_Snyder
2551,New Mexico_Socorro
2552,California_Solano
2553,Maine_Somerset
2554,Maryland_Somerset
2555,New Jersey_Somerset
2556,Pennsylvania_Somerset
2557,Texas_Somervell
2558,California_Sonoma
2559,Virginia_Southampton
2560,Georgia_Spalding
2561,South Carolina_Spartanburg
2562,Indiana_Spencer
2563,Kentucky_Spencer
2564,South Dakota_Spink
2565,Washington_Spokane
2566,Virginia_Spotsylvania
2567,Louisiana_St. Bernard
2568,Louisiana_St. Charles
2569,Alabama_St. Clair
2570,Illinois_St. Clair
2571,Michigan_St. Clair
2572,Missouri_St. Clair
2573,Wisconsin_St. Croix
2574,Arkansas_St. Francis
2575,Missouri_St. Francois
2576,Louisiana_St. Helena
2577,Louisiana_St. James
2578,Louisiana_St. John the Baptist
2579,Indiana_St. Joseph
2580,Michigan_St. Joseph
2581,Louisiana_St. Landry
2582,New York_St. Lawrence
2583,Minnesota_St. Louis
2584,Missouri_St. Louis
2585,Florida_St. Lucie
2586,Louisiana_St. Martin
2587,Louisiana_St. Mary
2588,Maryland_St. Mary's
2589,Louisiana_St. Tammany
2590,Kansas_Stafford
2591,Virginia_Stafford
2592,California_Stanislaus
2593,South Dakota_Stanley
2594,North Carolina_Stanly
2595,Kansas_Stanton
2596,Nebraska_Stanton
2597,Illinois_Stark
2598,North Dakota_Stark
2599,Ohio_Stark
2600,Indiana_Starke
2601,Texas_Starr
2602,Missouri_Ste. Genevieve
2603,Minnesota_Stearns
2604,Minnesota_Steele
2605,North Dakota_Steele
2606,Georgia_Stephens
2607,Oklahoma_Stephens
2608,Texas_Stephens
2609,Illinois_Stephenson
2610,Texas_Sterling
2611,Indiana_Steuben
2612,New York_Steuben
2613,Kansas_Stevens
2614,Minnesota_Stevens
2615,Washington_Stevens
2616,Georgia_Stewart
2617,Tennessee_Stewart
2618,Montana_Stillwater
2619,Missouri_Stoddard
2620,North Carolina_Stokes
2621,Arkansas_Stone
2622,Mississippi_Stone
2623,Missouri_Stone
2624,Texas_Stonewall
2625,Nevada_Storey
2626,Iowa_Story
2627,New Hampshire_Strafford
2628,North Dakota_Stutsman
2629,Wyoming_Sublette
2630,Massachusetts_Suffolk
2631,New York_Suffolk
2632,Indiana_Sullivan
2633,Missouri_Sullivan
2634,New Hampshire_Sullivan
2635,New York_Sullivan
2636,Pennsylvania_Sullivan
2637,Tennessee_Sullivan
2638,South Dakota_Sully
2639,West Virginia_Summers
2640,Colorado_Summit
2641,Ohio_Summit
2642,Utah_Summit
2643,Kansas_Sumner
2644,Tennessee_Sumner
2645,Alabama_Sumter
2646,Florida_Sumter
2647,Georgia_Sumter
2648,South Carolina_Sumter
2649,Mississippi_Sunflower
2650,North Carolina_Surry
2651,Virginia_Surry
2652,Pennsylvania_Susquehanna
2653,Delaware_Sussex
2654,New Jersey_Sussex
2655,Virginia_Sussex
2656,California_Sutter
2657,Texas_Sutton
2658,Florida_Suwannee
2659,North Carolina_Swain
2660,Montana_Sweet Grass
2661,Wyoming_Sweetwater
2662,Minnesota_Swift
2663,Texas_Swisher
2664,Indiana_Switzerland
2665,Georgia_Talbot
2666,Maryland_Talbot
2667,Georgia_Taliaferro
2668,Alabama_Talladega
2669,Mississippi_Tallahatchie
2670,Alabama_Tallapoosa
2671,Iowa_Tama
2672,Missouri_Taney
2673,Louisiana_Tangipahoa
2674,New Mexico_Taos
2675,Texas_Tarrant
2676,Mississippi_Tate
2677,Georgia_Tattnall
2678,Florida_Taylor
2679,Georgia_Taylor
2680,Iowa_Taylor
2681,Kentucky_Taylor
2682,Texas_Taylor
2683,West Virginia_Taylor
2684,Wisconsin_Taylor
2685,Illinois_Tazewell
2686,Virginia_Tazewell
2687,California_Tehama
2688,Georgia_Telfair
2689,Colorado_Teller
2690,Louisiana_Tensas
2691,Louisiana_Terrebonne
2692,Georgia_Terrell
2693,Texas_Terrell
2694,Texas_Terry
2695,Idaho_Teton
2696,Montana_Teton
2697,Wyoming_Teton
2698,Missouri_Texas
2699,Oklahoma_Texas
2700,Nebraska_Thayer
2701,Georgia_Thomas
2702,Kansas_Thomas
2703,Nebraska_Thomas
2704,Texas_Throckmorton
2705,Nebraska_Thurston
2706,Washington_Thurston
2707,Georgia_Tift
2708,Oregon_Tillamook
2709,Oklahoma_Tillman
2710,New York_Tioga
2711,Pennsylvania_Tioga
2712,Mississippi_Tippah
2713,Indiana_Tippecanoe
2714,Indiana_Tipton
2715,Tennessee_Tipton
2716,Mississippi_Tishomingo
2717,Texas_Titus
2718,Kentucky_Todd
2719,Minnesota_Todd
2720,Texas_Tom Green
2721,New York_Tompkins
2722,Utah_Tooele
2723,Montana_Toole
2724,Georgia_Toombs
2725,New Mexico_Torrance
2726,North Dakota_Towner
2727,Georgia_Towns
2728,North Dakota_Traill
2729,North Carolina_Transylvania
2730,Minnesota_Traverse
2731,Texas_Travis
2732,Montana_Treasure
2733,Kansas_Trego
2734,Wisconsin_Trempealeau
2735,Georgia_Treutlen
2736,Kentucky_Trigg
2737,Kentucky_Trimble
2738,California_Trinity
2739,Texas_Trinity
2740,South Dakota_Tripp
2741,Georgia_Troup
2742,Tennessee_Trousdale
2743,Ohio_Trumbull
2744,West Virginia_Tucker
2745,California_Tulare
2746,Oklahoma_Tulsa
2747,Mississippi_Tunica
2748,California_Tuolumne
2749,Georgia_Turner
2750,South Dakota_Turner
2751,Alabama_Tuscaloosa
2752,Ohio_Tuscarawas
2753,Michigan_Tuscola
2754,Georgia_Twiggs
2755,Idaho_Twin Falls
2756,Texas_Tyler
2757,West Virginia_Tyler
2758,North Carolina_Tyrrell
2759,Wyoming_Uinta
2760,Utah_Uintah
2761,New York_Ulster
2762,Oregon_Umatilla
2763,Tennessee_Unicoi
2764,Arkansas_Union
2765,Florida_Union
2766,Georgia_Union
2767,Illinois_Union
2768,Indiana_Union
2769,Iowa_Union
2770,Kentucky_Union
2771,Louisiana_Union
2772,Mississippi_Union
2773,New Jersey_Union
2774,New Mexico_Union
2775,North Carolina_Union
2776,Ohio_Union
2777,Oregon_Union
2778,Pennsylvania_Union
2779,South Carolina_Union
2780,South Dakota_Union
2781,Tennessee_Union
2782,Texas_Upshur
2783,West Virginia_Upshur
2784,Georgia_Upson
2785,Texas_Upton
2786,Utah_Utah
2787,Texas_Uvalde
2788,Texas_Val Verde
2789,New Mexico_Valencia
2790,Idaho_Valley
2791,Montana_Valley
2792,Nebraska_Valley
2793,Arkansas_Van Buren
2794,Iowa_Van Buren
2795,Michigan_Van Buren
2796,Tennessee_Van Buren
2797,Ohio_Van Wert
2798,Texas_Van Zandt
2799,North Carolina_Vance
2800,Indiana_Vanderburgh
2801,Pennsylvania_Venango
2802,California_Ventura
2803,Illinois_Vermilion
2804,Louisiana_Vermilion
2805,Indiana_Vermillion
2806,Louisiana_Vernon
2807,Missouri_Vernon
2808,Wisconsin_Vernon
2809,Texas_Victoria
2810,Indiana_Vigo
2811,Wisconsin_Vilas
2812,Ohio_Vinton
2813,Florida_Volusia
2814,Illinois_Wabash
2815,Indiana_Wabash
2816,Minnesota_Wabasha
2817,Kansas_Wabaunsee
2818,Minnesota_Wadena
2819,Oklahoma_Wagoner
2820,Washington_Wahkiakum
2821,North Carolina_Wake
2822,Florida_Wakulla
2823,Maine_Waldo
2824,Alabama_Walker
2825,Georgia_Walker
2826,Texas_Walker
2827,Washington_Walla Walla
2828,Kansas_Wallace
2829,Texas_Waller
2830,Oregon_Wallowa
2831,North Dakota_Walsh
2832,Mississippi_Walthall
2833,Florida_Walton
2834,Georgia_Walton
2835,South Dakota_Walworth
2836,Wisconsin_Walworth
2837,Iowa_Wapello
2838,North Dakota_Ward
2839,Texas_Ward
2840,Georgia_Ware
2841,Georgia_Warren
2842,Illinois_Warren
2843,Indiana_Warren
2844,Iowa_Warren
2845,Kentucky_Warren
2846,Mississippi_Warren
2847,Missouri_Warren
2848,New Jersey_Warren
2849,New York_Warren
2850,North Carolina_Warren
2851,Ohio_Warren
2852,Pennsylvania_Warren
2853,Tennessee_Warren
2854,Virginia_Warren
2855,Indiana_Warrick
2856,Utah_Wasatch
2857,Oregon_Wasco
2858,Minnesota_Waseca
2859,Wyoming_Washakie
2860,Wisconsin_Washburn
2861,Alabama_Washington
2862,Arkansas_Washington
2863,Colorado_Washington
2864,Florida_Washington
2865,Georgia_Washington
2866,Idaho_Washington
2867,Illinois_Washington
2868,Indiana_Washington
2869,Iowa_Washington
2870,Kansas_Washington
2871,Kentucky_Washington
2872,Louisiana_Washington
2873,Maine_Washington
2874,Maryland_Washington
2875,Minnesota_Washington
2876,Mississippi_Washington
2877,Missouri_Washington
2878,Nebraska_Washington
2879,New York_Washington
2880,North Carolina_Washington
2881,Ohio_Washington
2882,Oklahoma_Washington
2883,Oregon_Washington
2884,Pennsylvania_Washington
2885,Tennessee_Washington
2886,Texas_Washington
2887,Utah_Washington
2888,Vermont_Washington
2889,Virginia_Washington
2890,Wisconsin_Washington
2891,Oklahoma_Washita
2892,Nevada_Washoe
2893,Michigan_Washtenaw
2894,North Carolina_Watauga
2895,Minnesota_Watonwan
2896,Wisconsin_Waukesha
2897,Wisconsin_Waupaca
2898,Wisconsin_Waushara
2899,Georgia_Wayne
2900,Illinois_Wayne
2901,Indiana_Wayne
2902,Iowa_Wayne
2903,Kentucky_Wayne
2904,Michigan_Wayne
2905,Mississippi_Wayne
2906,Missouri_Wayne
2907,Nebraska_Wayne
2908,New York_Wayne
2909,North Carolina_Wayne
2910,Ohio_Wayne
2911,Pennsylvania_Wayne
2912,Tennessee_Wayne
2913,Utah_Wayne
2914,West Virginia_Wayne
2915,Tennessee_Weakley
2916,Texas_Webb
2917,Utah_Weber
2918,Georgia_Webster
2919,Iowa_Webster
2920,Kentucky_Webster
2921,Louisiana_Webster
2922,Mississippi_Webster
2923,Missouri_Webster
2924,Nebraska_Webster
2925,West Virginia_Webster
2926,Colorado_Weld
2927,Indiana_Wells
2928,North Dakota_Wells
2929,Louisiana_West Baton Rouge
2930,Louisiana_West Carroll
2931,Louisiana_West Feliciana
2932,New York_Westchester
2933,Pennsylvania_Westmoreland
2934,Virginia_Westmoreland
2935,Wyoming_Weston
2936,West Virginia_Wetzel
2937,Michigan_Wexford
2938,Texas_Wharton
2939,Washington_Whatcom
2940,Montana_Wheatland
2941,Georgia_Wheeler
2942,Nebraska_Wheeler
2943,Oregon_Wheeler
2944,Texas_Wheeler
2945,Arkansas_White
2946,Georgia_White
2947,Illinois_White
2948,Indiana_White
2949,Tennessee_White
2950,Nevada_White Pine
2951,Illinois_Whiteside
2952,Georgia_Whitfield
2953,Indiana_Whitley
2954,Kentucky_Whitley
2955,Washington_Whitman
2956,Montana_Wibaux
2957,Kansas_Wichita
2958,Texas_Wichita
2959,Maryland_Wicomico
2960,Texas_Wilbarger
2961,Alabama_Wilcox
2962,Georgia_Wilcox
2963,Georgia_Wilkes
2964,North Carolina_Wilkes
2965,Minnesota_Wilkin
2966,Georgia_Wilkinson
2967,Mississippi_Wilkinson
2968,Illinois_Will
2969,Texas_Willacy
2970,North Dakota_Williams
2971,Ohio_Williams
2972,South Carolina_Williamsburg
2973,Illinois_Williamson
2974,Tennessee_Williamson
2975,Texas_Williamson
2976,Kansas_Wilson
2977,North Carolina_Wilson
2978,Tennessee_Wilson
2979,Texas_Wilson
2980,Vermont_Windham
2981,Vermont_Windsor
2982,Texas_Winkler
2983,Louisiana_Winn
2984,Illinois_Winnebago
2985,Iowa_Winnebago
2986,Wisconsin_Winnebago
2987,Iowa_Winneshiek
2988,Minnesota_Winona
2989,Alabama_Winston
2990,Mississippi_Winston
2991,West Virginia_Wirt
2992,Texas_Wise
2993,Virginia_Wise
2994,Kentucky_Wolfe
2995,Ohio_Wood
2996,Texas_Wood
2997,West Virginia_Wood
2998,Wisconsin_Wood
2999,Iowa_Woodbury
3000,Illinois_Woodford
3001,Kentucky_Woodford
3002,Arkansas_Woodruff
3003,Oklahoma_Woods
3004,Kansas_Woodson
3005,Oklahoma_Woodward
3006,Maryland_Worcester
3007,Massachusetts_Worcester
3008,Georgia_Worth
3009,Iowa_Worth
3010,Missouri_Worth
3011,Iowa_Wright
3012,Minnesota_Wright
3013,Missouri_Wright
3014,Ohio_Wyandot
3015,Kansas_Wyandotte
3016,New York_Wyoming
3017,Pennsylvania_Wyoming
3018,West Virginia_Wyoming
3019,Virginia_Wythe
3020,North Carolina_Yadkin
3021,Washington_Yakima
3022,Mississippi_Yalobusha
3023,Oregon_Yamhill
3024,North Carolina_Yancey
3025,South Dakota_Yankton
3026,New York_Yates
3027,Arizona_Yavapai
3028,Mississippi_Yazoo
3029,Arkansas_Yell
3030,Minnesota_Yellow Medicine
3031,Montana_Yellowstone
3032,Texas_Yoakum
3033,California_Yolo
3034,Maine_York
3035,Nebraska_York
3036,Pennsylvania_York
3037,South Carolina_York
3038,Virginia_York
3039,Texas_Young
3040,California_Yuba
3041,Arizona_Yuma
3042,Colorado_Yuma
3043,Texas_Zapata
3044,Texas_Zavala
3045,South Dakota_Ziebach
